{
  "project_info": {
    "project_number": "205383600734",
    "firebase_url": "https://universo-guias.firebaseio.com",
    "project_id": "universo-guias",
    "storage_bucket": "universo-guias.appspot.com"
  },
  "client": [
    {
      "client_info": {
        "mobilesdk_app_id": "1:205383600734:android:39de6c9db0dd5f01bac2cf",
        "android_client_info": {
          "package_name": "com.example.universoguias"
        }
      },
      "oauth_client": [
        {
          "client_id": "205383600734-ghvmogf6r78qrb539bagd8m74b1dt8tf.apps.googleusercontent.com",
          "client_type": 1,
          "android_info": {
            "package_name": "com.example.universoguias",
            "certificate_hash": "304e7a8e3468c60cc86d36cc28828351f4b0f28b"
          }
        },
        {
          "client_id": "205383600734-2rvasjbpn8gmb8a1qu4uubsv4j4olv4o.apps.googleusercontent.com",
          "client_type": 3
        }
      ],
      "api_key": [
        {
          "current_key": "AIzaSyC_EhmY8mMTwSNSf7Fs-BGTw9gpaDxTHBw"
        }
      ],
      "services": {
        "appinvite_service": {
          "other_platform_oauth_client": [
            {
              "client_id": "205383600734-2rvasjbpn8gmb8a1qu4uubsv4j4olv4o.apps.googleusercontent.com",
              "client_type": 3
            }
          ]
        }
      }
    }
  ],
  "configuration_version": "1"
}